The Roost Food Truck, /restaurants/the-roost/
La Cocinita, /restaurants/la-cocinita/
Bob Cha Food Truck, /restaurants/bob-cha/
The Fat Shallot, /restaurants/the-fat-shallot/
Caponies Express, /restaurants/caponies-express-2/
Naansense, /restaurants/naansense-2/
Pierogi Wagon, /restaurants/pierogi-wagon/
Wao Bao, /restaurants/wow-bao-5/
DÃ¶ner Men, /restaurants/donermen/
Yum Dum Truck, /restaurants/yum-dum-truck/
The Cheesie's Truck, /restaurants/cheesies-truck/
Ginos Steaks Truck, restaurants/ginos-steaks-truck/
Beavers Donuts, /restaurants/beavers-coffee-donuts/
